<?xml version="1.0" encoding="utf-8"?>
    <TileMap version="1.0.0" tilemapservice="http://tms.osgeo.org/1.0.0">
      <Title>runphily.mbtiles</Title>
      <Abstract></Abstract>
      <SRS>EPSG:900913</SRS>
      <BoundingBox minx="39.77475559159637" miny="-75.41012485233171" maxx="40.17885933480861" maxy="-74.88278132189582"/>
      <Origin x="39.77475559159637" y="-75.41012485233171"/>
      <TileFormat width="256" height="256" mime-type="image/png" extension="png"/>
      <TileSets profile="mercator">
        <TileSet href="9" units-per-pixel="305.74811308593752" order="9"/>
        <TileSet href="10" units-per-pixel="152.87405654296876" order="10"/>
        <TileSet href="11" units-per-pixel="76.43702827148438" order="11"/>
        <TileSet href="12" units-per-pixel="38.21851413574219" order="12"/>
        <TileSet href="13" units-per-pixel="19.10925706787109" order="13"/>
        <TileSet href="14" units-per-pixel="9.55462853393555" order="14"/>
      </TileSets>
    </TileMap>
    